{
    "appName": "المركز الطبي",
    "welcome": "مرحبًا بك في المركز الطبي",
    "patientId": "رقم الفاتورة",
    "enterInvoiceId": "أدخل رقم الفاتورة",
    "search": "بحث",
    "patientInfo": "بيانات المريض",
    "name": "الاسم",
    "age": "العمر",
    "gender": "الجنس",
    "date": "التاريخ",
    "labResults": "نتائج المختبر",
    "radiology": "الأشعة",
    "diagnosis": "تشخيص الطبيب",
    "treatment": "الوصفة العلاجية",
    "viewReport": "عرض التقرير",
    "downloadPdf": "تحميل PDF",
    "share": "مشاركة",
    "logout": "خروج",
    "retry": "إعادة المحاولة",
    "noData": "لا توجد سجلات",
    "error": "خطأ",
    "loading": "جاري التحميل...",
    "male": "ذكر",
    "female": "أنثى",
    "unit": "الوحدة",
    "referenceRange": "المعدل الطبيعي",
    "result": "النتيجة",
    "status": "الحالة",
    "normal": "طبيعي",
    "abnormal": "غير طبيعي",
    "critical": "حرج"
}