{
  "appName": "Medical Center",
  "welcome": "Welcome to Medical Center",
  "patientId": "Invoice ID",
  "enterInvoiceId": "Enter Invoice ID",
  "search": "Search",
  "patientInfo": "Patient Information",
  "name": "Name",
  "age": "Age",
  "gender": "Gender",
  "date": "Date",
  "labResults": "Laboratory Results",
  "radiology": "Radiology",
  "diagnosis": "Diagnosis",
  "treatment": "Treatment",
  "viewReport": "View Report",
  "downloadPdf": "Download PDF",
  "share": "Share",
  "logout": "Logout",
  "retry": "Retry",
  "noData": "No Records Found",
  "error": "Error",
  "loading": "Loading...",
  "male": "Male",
  "female": "Female",
  "unit": "Unit",
  "referenceRange": "Ref. Range",
  "result": "Result",
  "status": "Status",
  "normal": "Normal",
  "abnormal": "Abnormal",
  "critical": "Critical"
}
